id,partNumber
,CA02285-Y911
,CA02950-0638
,CA05107-Y631
,CA05107-Y632
,CA05350-0202
,CA81003-0637
,CA81206-0619
,CA82002-0901
,CA82002-0902
,CA82002-0906
,CA82003-3226
,CA82102-7409
,CA82102-7420
,CA82102-7609
,CA82102-7813
,CA82203-2052
,CA82203-3096
,CA82203-5038
,CA82203-5078
,CA82203-5102
,CA82204-2008
,CA82218-0133
,CA82218-0283
,D860-6186-X910
,F6-SBD3-08121
,F6-SNPTPG3-08
,F6-SW2N2R5-06121
,F6-SW2N3-08121
,F6-SW2N3-10121
,F6-SW2N3-12121
,F6-SW2N4-08121
,F6-SW2N4-10121
,F6-SW2N5-08121
,KD02160-Y415
,KD02160-Y425
,KD02168-Y352
,KD02881-Y170
,KD02881-4775
,KD02881-E011
,KD02881-E018
,KD02881-E100
,KD02881-E105
,KD02881-E108
,KD02881-E125
,KD02881-E140
,KD02881-E200
,KD02881-E211
,KD02881-E270
,KD02881-E300
,KD02881-E302
,KD02881-E310
,KD02881-E350
,KD02881-E351
,KD02881-E551
,KD02881-E552
,KD02881-G908
,KD02881-Y045
,KD02881-Y060
,KD02881-Y062
,KD02881-Y072
,KD02881-Y080
,KD02881-Y090
,KD02881-Y120
,KD02881-Y122
,KD02881-Y125
,KD02881-Y127
,KD02881-Y130
,KD02881-Y135
,KD02881-Y182
,KD02881-Y183
,KD02881-Y188
,KD02881-Y208
,KD02881-Y260
,KD02881-Y265
,KD02881-Y282
,KD02881-Y290
,KD02881-Y295
,KD02881-Y310
,KD02881-Y352
,KD02881-Y370
,KD02881-Y375
,KD02881-Y376
,KD02881-Y377
,KD02881-Y400
,KD02881-Y403
,KD02881-Y406
,KD02881-Y407
,KD02881-Y481
,KD02881-Y482
,KD02881-Y504
,KD02881-Y505
,KD02881-Y516
,KD02881-Y555
,KD02881-Y560
,KD02881-Y565
,KD02881-Y570
,KD02881-Y574
,KD02881-Y590
,KD02881-Y591
,KD02881-Y601
,KD02881-Y603
,KD02881-Y604
,KD02881-Y650
,KD02881-Y656
,KD02881-Y661
,KD02881-Y705
,KD02901-1844
,KD02901-2114
,KD02901-2127
,KD02901-2131
,KD02901-2133
,KD02901-2210
,KD02901-2211
,KD02901-2724
,KD02901-2909
,KD02901-3001
,KD02901-3091
,KD02901-3788
,KD02901-4103
,KD02901-4503
,KD02901-4680
,KD02905-0128
,KD02905-0203
,KD02905-0256
,KD02905-0381
,KD02905-0382
,KD02905-0446
,KD02951-1823
,KD02961-L902
,KD02962-L643
,KD03150-0248
,KD03150-E001
,KD03150-E205
,KD03150-E206
,KD03150-E512
,KD03150-E516
,KD03150-E520
,KD03150-E620
,KD03150-E625
,KD03150-E726
,KD03150-E806
,KD03150-E842
,KD03150-E930
,KD03150-Y032
,KD03150-Y040
,KD03150-Y070
,KD03150-Y207
,KD03150-Y208
,KD03150-Y246
,KD03150-Y271
,KD03150-Y285
,KD03150-Y293
,KD03150-Y395
,KD03150-Y500
,KD03150-Y503
,KD03150-Y506
,KD03150-Y510
,KD03150-Y513
,KD03150-Y515
,KD03150-Y531
,KD03150-Y532
,KD03150-Y615
,KD03150-Y617
,KD03150-Y630
,KD03150-Y635
,KD03150-Y644
,KD03150-Y652
,KD03150-Y655
,KD03150-Y706
,KD03150-Y712
,KD03150-Y715
,KD03150-Y723
,KD03150-Y731
,KD03150-Y758
,KD03150-Y770
,KD03150-Y800
,KD03150-Y808
,KD03150-Y815
,KD03150-Y850
,KD03150-Y855
,KD03150-Y856
,KD03150-Y871
,KD03150-Y875
,KD03150-Y876
,KD03150-Y892
,KD03150-Y895
,KD03153-Y640
,KD03379-G005
,KD03379-Y134
,KD03379-Y513
,KD03379-Y515
,KD03379-Y577
,KD03379-Y585
,KD03379-Y637
,KD03379-Y645
,KD03418-E001
,KD03418-E011
,KD03418-E035
,KD03419-Y028
,KD03419-Y031
,KD03419-Y075
,KD03419-Y080
,KD03421-E513
,KD03421-E533
,KD03422-E017
,KD03422-E057
,KD03422-E163
,KD03422-E231
,KD03422-E241
,KD03422-E242
,KD03422-E260
,KD03422-Y009
,KD03422-Y029
,KD03422-Y110
,KD03422-Y162
,KD03422-Y197
,KD03422-Y214
,KD03422-Y216
,KD03422-Y240
,KD03422-Y294
,KD03425-E170
,KD03425-E175
,KD03425-E505
,KD03425-E760
,KD03425-E951
,KD03425-Y150
,KD03425-Y175
,KD03425-Y715
,KD03425-Y765
,KD03512-E001
,KD03512-E031
,KD03604-E130
,KD03604-E370
,KD03604-E730
,KD03604-Y202
,KD03604-Y311
,KD03604-Y566
,KD03614-E520
,KD03628-1150
,KD03701-E035
,KD03701-E039
,KD03701-E042
,KD03701-E046
,KD03701-E051
,KD03701-E054
,KD03701-E058
,KD03701-E091
,KD03701-E101
,KD03701-E345
,KD03701-E360
,KD03701-E651
,KD03701-E654
,KD03701-E657
,KD03701-E658
,KD03701-E691
,KD03701-E860
,KD03701-Y002
,KD03701-Y025
,KD03701-Y040
,KD03701-Y046
,KD03701-Y061
,KD03701-Y092
,KD03701-Y093
,KD03701-Y325
,KD03701-Y380
,KD03701-Y403
,KD03701-Y407
,KD03701-Y409
,KD03701-Y501
,KD03701-Y502
,KD03701-Y505
,KD03701-Y506
,KD03701-Y507
,KD03701-Y520
,KD03701-Y602
,KD03702-D126
,KD03702-D127
,KD03702-E039
,KD03702-E042
,KD03702-E046
,KD03702-E101
,KD03702-E111
,KD03702-E116
,KD03702-E135
,KD03702-E265
,KD03702-E350
,KD03702-Y001
,KD03702-Y008
,KD03702-Y009
,KD03702-Y105
,KD03702-Y108
,KD03702-Y113
,KD03702-Y115
,KD03702-Y118
,KD03702-Y119
,KD03702-Y142
,KD03702-Y200
,KD03702-Y205
,KD03702-Y213
,KD03702-Y259
,KD03702-Y265
,KD03702-Y341
,KD03702-Y342
,KD03702-Y355
,KD03702-Y357
,KD03702-Y358
,KD03702-Y359
,KD03702-Y360
,KD03702-Y361
,KD03702-Y362
,KD03702-Y363
,KD03717-Y101
,KD03717-Y110
,KD03751-E035
,KD03751-E039
,KD03751-E042
,KD03751-E046
,KD03751-E049
,KD03751-Y002
,KD03751-Y091
,KD03751-Y092
,KD03751-Y093
,KD03751-Y407
,KD03751-Y520
,KD03751-Y540
,KD03752-E001
,KD03752-E101
,KD03752-E265
,KD03752-Y001
,KD03752-Y105
,KD03752-Y115
,KD03752-Y118
,KD03752-Y135
,KD03752-Y265
,KD04527-0196
,KD04527-0198
,KD04527-0269
,KD04527-0376
,KD04527-0411
,KD04580-Y539
,KD04612-Y440
,KD04622-Y101
,KD04622-Y102
,KD04622-Y106
,KD04622-Y107
,KD04622-Y144
,KD04622-Y168
,KD04622-Y601
,KD04622-Y602
,KD04623-E112
,KD04623-E142
,KD04623-E280
,KD04623-Y135
,KD04623-Y150
,KD04624-E104
,KD04624-E108
,KD04624-E115
,KD04624-E116
,KD04624-E120
,KD04624-R001
,KD04624-R104
,KD04624-R116
,KD04624-Y101
,KD04624-Y102
,KD04624-Y103
,KD04624-Y106
,KD04624-Y107
,KD04624-Y110
,KD04624-Y111
,KD04624-Y114
,KD04624-Y115
,KD04624-Y124
,KD04624-Y137
,KD04624-Y156
,KD04624-Y183
,KD04624-Y201
,KD04624-Y202
,KD04624-Y601
,KD04625-E102
,KD04625-E103
,KD04625-E253
,KD04625-E335
,KD04625-Y155
,KD04625-Y195
,KD04625-Y196
,KD04625-Y197
,KD04625-Y210
,KD04625-Y285
,KD04625-Y290
,KD04625-Y305
,KD04625-Y346
,KD04625-Y350
,KD04625-Y352
,KD04636-Y737
,KD04800-E011
,KD04800-E036
,KD30902-1606
,KD04623-Y125
,KD04622-E104
,KD04624-E133
,KD55026-4001
,KD55042-4001
,KD78703-1210
,KD78703-1850
,KD78703-1860
,KD78703-1870
,KD78703-2005
,KD78703-2010
,KD78703-2021
,KD78703-2045
,KD78703-2050
,KD78703-2061
,KD79520-0501
,KD79520-0502
,KD79520-0508
,KD91005-0725
,KD91005-0810
,KD91005-0904
,KD91005-0906
,KD91005-0915
,KD91005-2001
,KD91005-2011
,KD91005-2012
,KD91005-2013
,KD91005-2019
,KD91005-2210
,KD91005-3008
,KD91005-3009
,KD91005-3010
,KD91320-0073
,EMPTY WOODEN PALLET
,ORION18  EMPTY PALLET
,PCB BIG PARTITION
,PCB SMALL PARTITION
,BUBBLE SHEET 3FLY
,BUBBLE SHEET B51X
,BUBBLE SHEET- 2PLY
,G750 CASTER JIGS
,EMPTY  DAMPLA (Y103) 
,EMPTY  DAMPLA (Y201) 
,EMPTY BLACK BUCKET
,EMPTY BLACK PALLET 
,EMPTY BLACK P-CASE
,EMPTY BLACK PCASE HIROTA
,EMPTY BLUE PCASE
,EMPTY BOX ( B92X)
,EMPTY BUCKET
,EMPTY GRAY PCASE
,EMPTY SUPPLIER PCASE
,EMPTY WOODEN PALLET #2
,EMPTY WOODEN PALLET #4
,EMPTY WOODEN PALLET #8
,ESCROW PACKING MATERIAL 
,ESCROW PACKING MATERIAL (NG)
,G510 PACKAGING MATERIALS
,G750 RACK
,G750 TABLE FOR CASTER ATTACHMENT
,GBVM PACKAGING MATERIALS
,LASHING BELT 
,PACKING BOX - G510
,PACKING BOX – R/F HOL NORMAL
,PACKING BOX - SRU LT FRONT (8398)
,PACKING BOX - SRU PLUTO (C912)
,PACKING MATERIAL ( F53/56 C520 )
,PACKING MATERIAL (F53/56 1011)
,PACKING MATERIAL (F53/56 1021)
,PACKING MATERIAL (F53/56 1021) NG
,PACKING MATERIAL (F53/56 1052)
,PACKING MATERIAL (F53/56 1052)NG
,PACKING MATERIAL (F53/56 C520 )
,PACKING MATERIAL (F53/56)(1082)
,PACKING MATERIAL (F53/56)(1082) NG
,PACKING MATERIAL (F53/56)(1282)
,PACKING MATERIAL (F53/56)(A201)WLOGO
,PACKING MATERIAL (F53/56)(C520/C522)
,PACKING MATERIAL (F53/56)(C520) NG
,PACKING MATERIAL (F53/F56 1182)
,PACKING MATERIAL CRADLE RACK 
,PACKING MATERIAL FOR CASSETTE (F53/56  BUBBLE SHEET) 
,PCB PADS
,PCB BOX NEW
,PLASTIC PALLET
,PP YELLOW STRAP
,RETURNABLE EMPTY TRAY
,RETURNABLE PCB BOX
,SMALL PARTITION
,STRECH FILM 
,TOTE BOX
,BLACK PALLET
